[
  {
    "id": "book-001",
    "title": "The Hobbit",
    "author": "J.R.R. Tolkien",
    "genre": "Fantasy",
    "description": "A fantasy adventure...",
    "rating": 4.5,
    "cover": "theHobbit.jpg"
    
  },
  {
    "id": "book-002",
    "title": "1984",
    "author": "George Orwell",
    "genre": "Dystopian",
    "description": "A dystopian social science fiction novel...",
    "rating": 4.8,
    "cover": "1984.webp"
  },
  {
    "id": "book-003",
    "title": "To Kill a Mockingbird",
    "author": "Harper Lee",
    "genre": "Classics",
    "description": "A novel about the injustices of racism and prejudice...",
    "rating": 4.9,
    "cover": "mockingBird.jpg"
  },
  {
    "id": "book-004",
    "title": "Pride and Prejudice",
    "author": "Jane Austen",
    "genre": "Romance",
    "description": "A tale of love and misunderstandings...",
    "rating": 4.7,
    "cover": "prideAndPrejudice.jpg"
  },
  {
    "id": "book-005",
    "title": "The Great Gatsby",
    "author": "F. Scott Fitzgerald",
    "genre": "Classics",
    "description": "A critique of the American Dream...",
    "rating": 4.6,
    "cover": "theGreatGatsby.jpg"
  },
  {
    "id": "book-006",
    "title": "Moby Dick",
    "author": "Herman Melville",
    "genre": "Adventure",
    "description": "The epic tale of Captain Ahab's quest...",
    "rating": 4.1,
    "cover": "mobyDick.jpg"
  },
  {
    "id": "book-007",
    "title": "War and Peace",
    "author": "Leo Tolstoy",
    "genre": "Historical",
    "description": "A novel about the Napoleonic wars...",
    "rating": 4.3,
    "cover": "warAndPeace.jpg"
  },
  {
    "id": "book-008",
    "title": "Brave New World",
    "author": "Aldous Huxley",
    "genre": "Dystopian",
    "description": "A vision of a future controlled society...",
    "rating": 4.4,
    "cover": "braveNewWorld.jpg"
  },
  {
    "id": "book-009",
    "title": "Jane Eyre",
    "author": "Charlotte Brontë",
    "genre": "Classics",
    "description": "A story of love, resilience, and independence...",
    "rating": 4.7,
    "cover": "janeEyre.jpg"
  },
  {
    "id": "book-010",
    "title": "Crime and Punishment",
    "author": "Fyodor Dostoevsky",
    "genre": "Philosophical",
    "description": "A psychological exploration of morality...",
    "rating": 4.6,
    "cover": "crimeAndPunishment.jpg"
  },
  {
    "id": "book-011",
    "title": "The Catcher in the Rye",
    "author": "J.D. Salinger",
    "genre": "Classics",
    "description": "A tale of teenage rebellion and alienation...",
    "rating": 4.2,
    "cover": "catcherInTheRye.jpg"
  },
  {
    "id": "book-012",
    "title": "Wuthering Heights",
    "author": "Emily Brontë",
    "genre": "Classics",
    "description": "A haunting tale of love and revenge...",
    "rating": 4.5,
    "cover": "wutheringHeights.jpg"
  },
  {
    "id": "book-013",
    "title": "Frankenstein",
    "author": "Mary Shelley",
    "genre": "Horror",
    "description": "The tale of a scientist and his monstrous creation...",
    "rating": 4.4,
    "cover": "frankenstein.jpg"
  },
  {
    "id": "book-014",
    "title": "The Odyssey",
    "author": "Homer",
    "genre": "Epic",
    "description": "The epic journey of Odysseus...",
    "rating": 4.8,
    "cover": "theOdyssey.jpg"
  },
  {
    "id": "book-015",
    "title": "Les Misérables",
    "author": "Victor Hugo",
    "genre": "Historical",
    "description": "A story of redemption and revolution...",
    "rating": 4.7,
    "cover": "lesMiserables.jpg"
  },
  {
    "id": "book-016",
    "title": "Anna Karenina",
    "author": "Leo Tolstoy",
    "genre": "Romance",
    "description": "A tragic tale of love and betrayal...",
    "rating": 4.5,
    "cover": "annaKarenina.jpg"
  },
  {
    "id": "book-017",
    "title": "Dracula",
    "author": "Bram Stoker",
    "genre": "Horror",
    "description": "The original vampire classic...",
    "rating": 4.6,
    "cover": "dracula.jpg"
  },
  {
    "id": "book-018",
    "title": "The Alchemist",
    "author": "Paulo Coelho",
    "genre": "Philosophical",
    "description": "A journey of self-discovery and dreams...",
    "rating": 4.3,
    "cover": "theAlchemist.jpg"
  },
  {
    "id": "book-019",
    "title": "The Kite Runner",
    "author": "Khaled Hosseini",
    "genre": "Drama",
    "description": "A story of friendship and redemption...",
    "rating": 4.7,
    "cover": "kiteRunner.jpg"
  },
  {
    "id": "book-020",
    "title": "Harry Potter and the Philosopher's Stone",
    "author": "J.K. Rowling",
    "genre": "Fantasy",
    "description": "The magical journey begins...",
    "rating": 4.9,
    "cover": "harryPotter.jpg"
  },
  {
    "id": "book-021",
    "title": "The Book Thief",
    "author": "Markus Zusak",
    "genre": "Historical",
    "description": "A story narrated by Death itself...",
    "rating": 4.8,
    "cover": "theBookThief.jpg"
  },
  {
    "id": "book-022",
    "title": "The Lord of the Rings",
    "author": "J.R.R. Tolkien",
    "genre": "Fantasy",
    "description": "An epic tale of good versus evil...",
    "rating": 4.9,
    "cover": "lordOfTheRings.jpg"
  },
  {
    "id": "book-023",
    "title": "The Hunger Games",
    "author": "Suzanne Collins",
    "genre": "Dystopian",
    "description": "A fight for survival in a brutal world...",
    "rating": 4.7,
    "cover": "hungerGames.jpg"
  },
  {
    "id": "book-024",
    "title": "The Chronicles of Narnia",
    "author": "C.S. Lewis",
    "genre": "Fantasy",
    "description": "The magical adventures of Narnia...",
    "rating": 4.6,
    "cover": "chroniclesOfNarnia.jpg"
  },
  {
    "id": "book-025",
    "title": "The Fault in Our Stars",
    "author": "John Green",
    "genre": "Romance",
    "description": "A heart-wrenching story of love and loss...",
    "rating": 4.7,
    "cover": "theFaultInOurStars.jpg"
  }
]
